{
    "metric": "mrr_mean",
    "best_value": 0.7361111640930176,
    "timesteps": 16,
    "explained_variance": 0.9044704437255859
}