{
    "metric": "mrr_mean",
    "best_value": 0.5555555820465088,
    "timesteps": 1,
    "explained_variance": -8.380731582641602
}