{
    "metric": "mrr_mean",
    "best_value": 0.644444465637207,
    "timesteps": 12,
    "explained_variance": 0.4507650136947632
}