{
    "metric": "mrr_mean",
    "best_value": 0.6847223043441772,
    "timesteps": 8,
    "explained_variance": 0.7927772402763367
}