{
  "losses": [
    1.4254113554954528,
    1.0564151287078858,
    0.695794141292572,
    0.444332891702652,
    0.34310985803604127,
    0.3034404903650284,
    0.28324368596076965,
    0.26419211328029635,
    0.24350931644439697,
    0.230866476893425,
    0.21359870582818985,
    0.20628361403942108,
    0.19290629625320435,
    0.18539375960826873,
    0.17079388499259948,
    0.1672086849808693,
    0.1602875143289566,
    0.14880370646715163,
    0.13690389990806578,
    0.1318698853254318,
    0.12013325095176697,
    0.11806384772062302,
    0.1117792546749115,
    0.10090926066040992,
    0.09778337478637696,
    0.09326100051403045,
    0.08760320618748665,
    0.0862414501607418,
    0.07673533484339715,
    0.07323734536767006,
    0.06715134307742118,
    0.06409097686409951,
    0.06008850522339344,
    0.061005689203739166,
    0.05316546112298966,
    0.05380316860973835,
    0.04780432805418968,
    0.044498981162905696,
    0.03951937071979046,
    0.04115932807326317,
    0.03818429708480835,
    0.03445163257420063,
    0.03462066762149334,
    0.03286352977156639,
    0.028811692260205746,
    0.02936411164700985,
    0.02691848985850811,
    0.023483418673276902,
    0.022736210189759732,
    0.022295448184013366
  ],
  "metrics": {
    "both": {
      "optimistic": {
        "adjusted_arithmetic_mean_rank": 0.680871833112646,
        "adjusted_arithmetic_mean_rank_index": 0.319343593593023,
        "adjusted_geometric_mean_rank_index": 0.7438343321914013,
        "adjusted_hits_at_k": 0.1326939493097302,
        "adjusted_inverse_harmonic_mean_rank": 0.11230308727437559,
        "arithmetic_mean_rank": 1009.3087451119801,
        "count": 11252.0,
        "geometric_mean_rank": 280.51787258374605,
        "harmonic_mean_rank": 8.705459940949025,
        "hits_at_1": 0.09296125133309634,
        "hits_at_10": 0.1356203341628155,
        "hits_at_3": 0.12637753288304301,
        "hits_at_5": 0.1298435833629577,
        "inverse_arithmetic_mean_rank": 0.0009907771084347958,
        "inverse_geometric_mean_rank": 0.0035648352484259596,
        "inverse_harmonic_mean_rank": 0.11487043841258376,
        "inverse_median_rank": 0.001343183344526528,
        "median_absolute_deviation": 1056.3540806852413,
        "median_rank": 744.5,
        "standard_deviation": 939.2423150209643,
        "variance": 882176.1263259404,
        "z_arithmetic_mean_rank": 58.6525037474897,
        "z_geometric_mean_rank": 79.35683012579469,
        "z_hits_at_k": 241.9092831709329,
        "z_inverse_harmonic_mean_rank": 508.08645092492407
      },
      "pessimistic": {
        "adjusted_arithmetic_mean_rank": 0.6808726724559774,
        "adjusted_arithmetic_mean_rank_index": 0.31934275368309495,
        "adjusted_geometric_mean_rank_index": 0.743834124263598,
        "adjusted_hits_at_k": 0.1326939493097302,
        "adjusted_inverse_harmonic_mean_rank": 0.1123030865964722,
        "arithmetic_mean_rank": 1009.3099893352293,
        "count": 11252.0,
        "geometric_mean_rank": 280.5180994663636,
        "harmonic_mean_rank": 8.70545999217537,
        "hits_at_1": 0.09296125133309634,
        "hits_at_10": 0.1356203341628155,
        "hits_at_3": 0.12637753288304301,
        "hits_at_5": 0.1298435833629577,
        "inverse_arithmetic_mean_rank": 0.0009907758870578887,
        "inverse_geometric_mean_rank": 0.0035648323651925645,
        "inverse_harmonic_mean_rank": 0.11487043773664098,
        "inverse_median_rank": 0.001343183344526528,
        "median_absolute_deviation": 1056.3540806852413,
        "median_rank": 744.5,
        "standard_deviation": 939.2433698363161,
        "variance": 882178.1077814789,
        "z_arithmetic_mean_rank": 58.65234948474202,
        "z_geometric_mean_rank": 79.35680794277536,
        "z_hits_at_k": 241.9092831709329,
        "z_inverse_harmonic_mean_rank": 508.08644785792444
      },
      "realistic": {
        "adjusted_arithmetic_mean_rank": 0.6808722662649759,
        "adjusted_arithmetic_mean_rank_index": 0.31934316014829467,
        "adjusted_geometric_mean_rank_index": 0.7438341545617181,
        "adjusted_hits_at_k": 0.1326939493097302,
        "adjusted_inverse_harmonic_mean_rank": 0.11230309281798743,
        "arithmetic_mean_rank": 1009.3093872070312,
        "count": 11252.0,
        "geometric_mean_rank": 280.51806640625,
        "harmonic_mean_rank": 8.705459594726562,
        "hits_at_1": 0.09296125133309634,
        "hits_at_10": 0.1356203341628155,
        "hits_at_3": 0.12637753288304301,
        "hits_at_5": 0.1298435833629577,
        "inverse_arithmetic_mean_rank": 0.0009907764615491033,
        "inverse_geometric_mean_rank": 0.0035648327320814133,
        "inverse_harmonic_mean_rank": 0.11487044394016266,
        "inverse_median_rank": 0.0013431833358481526,
        "median_absolute_deviation": 1056.3541259765625,
        "median_rank": 744.5,
        "standard_deviation": 939.2428588867188,
        "variance": 882177.1875,
        "z_arithmetic_mean_rank": 58.6524241385072,
        "z_geometric_mean_rank": 79.35681117516552,
        "z_hits_at_k": 241.9092831709329,
        "z_inverse_harmonic_mean_rank": 508.08647600557083
      }
    },
    "head": {
      "optimistic": {
        "adjusted_arithmetic_mean_rank": 0.6813387984150775,
        "adjusted_arithmetic_mean_rank_index": 0.3188762059673832,
        "adjusted_geometric_mean_rank_index": 0.7446238393844958,
        "adjusted_hits_at_k": 0.13661906378272534,
        "adjusted_inverse_harmonic_mean_rank": 0.11825312303339658,
        "arithmetic_mean_rank": 1010.5037326697476,
        "count": 5626.0,
        "geometric_mean_rank": 279.80754181270794,
        "harmonic_mean_rank": 8.277998977488584,
        "hits_at_1": 0.10309278350515463,
        "hits_at_10": 0.13953075008887308,
        "hits_at_3": 0.1277995023107003,
        "hits_at_5": 0.1317099182367579,
        "inverse_arithmetic_mean_rank": 0.00098960544891606,
        "inverse_geometric_mean_rank": 0.003573885083731447,
        "inverse_harmonic_mean_rank": 0.12080214103908773,
        "inverse_median_rank": 0.0013324450366422385,
        "median_absolute_deviation": 1066.7322962147805,
        "median_rank": 750.5,
        "standard_deviation": 933.7137121195519,
        "variance": 871821.2962000736,
        "z_arithmetic_mean_rank": 41.412924360460934,
        "z_geometric_mean_rank": 56.17672943183215,
        "z_hits_at_k": 176.15969717857845,
        "z_inverse_harmonic_mean_rank": 378.40011866964323
      },
      "pessimistic": {
        "adjusted_arithmetic_mean_rank": 0.681339397647736,
        "adjusted_arithmetic_mean_rank_index": 0.31887560633041545,
        "adjusted_geometric_mean_rank_index": 0.7446236595396448,
        "adjusted_hits_at_k": 0.13661906378272534,
        "adjusted_inverse_harmonic_mean_rank": 0.11825312226682708,
        "arithmetic_mean_rank": 1010.5046214006398,
        "count": 5626.0,
        "geometric_mean_rank": 279.80773815875955,
        "harmonic_mean_rank": 8.277999029866109,
        "hits_at_1": 0.10309278350515463,
        "hits_at_10": 0.13953075008887308,
        "hits_at_3": 0.1277995023107003,
        "hits_at_5": 0.1317099182367579,
        "inverse_arithmetic_mean_rank": 0.0009896045785658262,
        "inverse_geometric_mean_rank": 0.003573882575872909,
        "inverse_harmonic_mean_rank": 0.12080214027473428,
        "inverse_median_rank": 0.0013324450366422385,
        "median_absolute_deviation": 1066.7322962147805,
        "median_rank": 750.5,
        "standard_deviation": 933.7142841614782,
        "variance": 871822.3644471816,
        "z_arithmetic_mean_rank": 41.4128464847213,
        "z_geometric_mean_rank": 56.1767158637794,
        "z_hits_at_k": 176.15969717857845,
        "z_inverse_harmonic_mean_rank": 378.4001162166848
      },
      "realistic": {
        "adjusted_arithmetic_mean_rank": 0.6813390800661308,
        "adjusted_arithmetic_mean_rank_index": 0.31887592412629673,