model,status,mrr,mr,hits@1,hits@3,hits@10,run_dir
rotate,ok,0.11487044394016266,1009.3093872070312,0.09296125133309634,0.12637753288304301,0.1356203341628155,./kge_pykeen/pykeen_runs/rotate_2025-10-28_18-28-49
