model,status,mrr,mr,hits@1,hits@3,hits@10,run_dir
rotate,ok,0.02869328111410141,1095.92529296875,0.020440810522573766,0.027550657660860293,0.038570920725204405,./kge_pykeen/pykeen_runs/rotate_2025-10-28_18-35-44
