{
  "losses": [
    1.4254113554954528,
    1.0564151287078858,
    0.695794141292572,
    0.444332891702652,
    0.34310985803604127,
    0.3034404903650284,
    0.28324368596076965,
    0.26419211328029635,
    0.24350931644439697,
    0.230866476893425
  ],
  "metrics": {
    "both": {
      "optimistic": {
        "adjusted_arithmetic_mean_rank": 0.739302359406095,
        "adjusted_arithmetic_mean_rank_index": 0.2608736239125715,
        "adjusted_geometric_mean_rank_index": 0.4776541596226842,
        "adjusted_hits_at_k": 0.03531597199595529,
        "adjusted_inverse_harmonic_mean_rank": 0.025875972061517056,
        "arithmetic_mean_rank": 1095.9248133665126,
        "count": 11252.0,
        "geometric_mean_rank": 570.9631777523288,
        "harmonic_mean_rank": 34.85136196408209,
        "hits_at_1": 0.020440810522573766,
        "hits_at_10": 0.038570920725204405,
        "hits_at_3": 0.027550657660860293,
        "hits_at_5": 0.032260931389975114,
        "inverse_arithmetic_mean_rank": 0.0009124713555195029,
        "inverse_geometric_mean_rank": 0.001751426429873518,
        "inverse_harmonic_mean_rank": 0.02869328323612153,
        "inverse_median_rank": 0.0012353304508956147,
        "median_absolute_deviation": 925.8850854567485,
        "median_rank": 809.5,
        "standard_deviation": 890.656675181783,
        "variance": 793269.3130458682,
        "z_arithmetic_mean_rank": 47.91356868005013,
        "z_geometric_mean_rank": 50.95908909230468,
        "z_hits_at_k": 64.38320296040676,
        "z_inverse_harmonic_mean_rank": 117.06918418767746
      },
      "pessimistic": {
        "adjusted_arithmetic_mean_rank": 0.7393031387963312,
        "adjusted_arithmetic_mean_rank_index": 0.2608728439962098,
        "adjusted_geometric_mean_rank_index": 0.4776537430884138,
        "adjusted_hits_at_k": 0.03531597199595529,
        "adjusted_inverse_harmonic_mean_rank": 0.025875971274943687,
        "arithmetic_mean_rank": 1095.9259687166725,
        "count": 11252.0,
        "geometric_mean_rank": 570.9636322580949,
        "harmonic_mean_rank": 34.851362916704716,
        "hits_at_1": 0.020440810522573766,
        "hits_at_10": 0.038570920725204405,
        "hits_at_3": 0.027550657660860293,
        "hits_at_5": 0.032260931389975114,
        "inverse_arithmetic_mean_rank": 0.0009124703935713817,
        "inverse_geometric_mean_rank": 0.0017514250356806722,
        "inverse_harmonic_mean_rank": 0.028693282451823048,
        "inverse_median_rank": 0.0012353304508956147,
        "median_absolute_deviation": 925.8850854567485,
        "median_rank": 809.5,
        "standard_deviation": 890.6576815475202,
        "variance": 793271.1056996038,
        "z_arithmetic_mean_rank": 47.91342543607013,
        "z_geometric_mean_rank": 50.959044653862,
        "z_hits_at_k": 64.38320296040676,
        "z_inverse_harmonic_mean_rank": 117.06918062902845
      },
      "realistic": {
        "adjusted_arithmetic_mean_rank": 0.739302682942036,
        "adjusted_arithmetic_mean_rank_index": 0.2608733001582284,
        "adjusted_geometric_mean_rank_index": 0.47765363965808727,
        "adjusted_hits_at_k": 0.03531597199595529,
        "adjusted_inverse_harmonic_mean_rank": 0.025875969933341937,
        "arithmetic_mean_rank": 1095.92529296875,
        "count": 11252.0,
        "geometric_mean_rank": 570.9637451171875,
        "harmonic_mean_rank": 34.85136413574219,
        "hits_at_1": 0.020440810522573766,
        "hits_at_10": 0.038570920725204405,
        "hits_at_3": 0.027550657660860293,
        "hits_at_5": 0.032260931389975114,
        "inverse_arithmetic_mean_rank": 0.0009124709758907557,
        "inverse_geometric_mean_rank": 0.0017514247447252274,
        "inverse_harmonic_mean_rank": 0.02869328111410141,
        "inverse_median_rank": 0.0012353304773569107,
        "median_absolute_deviation": 925.8851318359375,
        "median_rank": 809.5,
        "standard_deviation": 890.6571655273438,
        "variance": 793270.1875,
        "z_arithmetic_mean_rank": 47.91350921744245,
        "z_geometric_mean_rank": 50.95903361927742,
        "z_hits_at_k": 64.38320296040676,
        "z_inverse_harmonic_mean_rank": 117.06917455929617
      }
    },
    "head": {
      "optimistic": {
        "adjusted_arithmetic_mean_rank": 0.734172902231776,
        "adjusted_arithmetic_mean_rank_index": 0.2660064543723939,
        "adjusted_geometric_mean_rank_index": 0.49678319203294585,
        "adjusted_hits_at_k": 0.04084637988504378,
        "adjusted_inverse_harmonic_mean_rank": 0.03098242799072605,
        "arithmetic_mean_rank": 1088.862779950231,
        "count": 5626.0,
        "geometric_mean_rank": 550.388168770261,
        "harmonic_mean_rank": 29.600043207467138,
        "hits_at_1": 0.025417703519374335,
        "hits_at_10": 0.04408105225737647,
        "hits_at_3": 0.03288304301457519,
        "hits_at_5": 0.03821542836829008,
        "inverse_arithmetic_mean_rank": 0.0009183893677086725,
        "inverse_geometric_mean_rank": 0.0018168995206316156,
        "inverse_harmonic_mean_rank": 0.033783734469270375,
        "inverse_median_rank": 0.0012322858903265558,
        "median_absolute_deviation": 933.2980965492765,
        "median_rank": 811.5,
        "standard_deviation": 887.1463027035966,
        "variance": 787028.5624006614,
        "z_arithmetic_mean_rank": 34.54665154741947,
        "z_geometric_mean_rank": 37.47886313737297,
        "z_hits_at_k": 52.6682419873259,
        "z_inverse_harmonic_mean_rank": 99.14118230140473
      },
      "pessimistic": {
        "adjusted_arithmetic_mean_rank": 0.734173741157498,
        "adjusted_arithmetic_mean_rank_index": 0.266005614880639,
        "adjusted_geometric_mean_rank_index": 0.4967828579883361,
        "adjusted_hits_at_k": 0.04084637988504378,
        "adjusted_inverse_harmonic_mean_rank": 0.030982427609622998,
        "arithmetic_mean_rank": 1088.8640241734802,
        "count": 5626.0,
        "geometric_mean_rank": 550.3885334642727,
        "harmonic_mean_rank": 29.600043540410077,
        "hits_at_1": 0.025417703519374335,
        "hits_at_10": 0.04408105225737647,
        "hits_at_3": 0.03288304301457519,
        "hits_at_5": 0.03821542836829008,
        "inverse_arithmetic_mean_rank": 0.0009183883182834204,
        "inverse_geometric_mean_rank": 0.001816898316732307,
        "inverse_harmonic_mean_rank": 0.033783734089269046,
        "inverse_median_rank": 0.0012322858903265558,
        "median_absolute_deviation": 933.2980965492765,
        "median_rank": 811.5,
        "standard_deviation": 887.1476035131996,
        "variance": 787030.8704192131,
        "z_arithmetic_mean_rank": 34.546542521384,
        "z_geometric_mean_rank": 37.478837936012674,
        "z_hits_at_k": 52.6682419873259,
        "z_inverse_harmonic_mean_rank": 99.1411810819068
      },
      "realistic": {
        "adjusted_arithmetic_mean_rank": 0.7341733225431598,
        "adjusted_arithmetic_mean_rank_index": 0.26600603377742105,
        "adjusted_geometric_mean_rank_index": 0.4967830107382184,
        "adjusted_hits_at_k": 0.04084637988504378,
        "adjusted_inverse_harmonic_mean_rank": 0.030982427364402126,
        "arithmetic_mean_rank": 1088.8634033203125,
        "count": 5626.0,
        "geometric_mean_rank": 550.3883666992188,
        "harmonic_mean_rank": 29.60004425048828,
        "hits_at_1": 0.025417703519374335,
        "hits_at_10": 0.04408105225737647,
        "hits_at_3": 0.03288304301457519,
        "hits_at_5": 0.03821542836829008,
        "inverse_arithmetic_mean_rank": 0.0009183888323605061,
        "inverse_geometric_mean_rank": 0.0018168988171964884,
        "inverse_harmonic_mean_rank": 0.03378373384475708,
        "inverse_median_rank": 0.0012322858674451709,
        "median_absolute_deviation": 933.298095703125,
        "median_rank": 811.5,
        "standard_deviation": 887.14697265625,
        "variance": 787029.75,
        "z_arithmetic_mean_rank": 34.546596924128465,