{
  "family": {
    "valid": {
      "total_queries": 2799,
      "provable_queries": 2148,
      "non_provable_queries": 651,
      "overall_mrr": 0.9480563287605829,
      "overall_hits1": 0.9181850660950339,
      "overall_hits3": 0.9757056091461236,
      "overall_hits10": 0.9841014648088603,
      "provable_mrr": 0.9657753107606609,
      "provable_hits1": 0.9404096834264432,
      "provable_hits3": 0.9904562383612663,
      "provable_hits10": 0.9951117318435754,
      "non_provable_mrr": 0.8895918535898182,
      "non_provable_hits1": 0.8448540706605223,
      "non_provable_hits3": 0.9270353302611367,
      "non_provable_hits10": 0.9477726574500768,
      "mrr_by_depth": {
        "2": 0.9701961159988816,
        "-1": 0.8895918535898182,
        "4": 0.9777777777777777,
        "1": 0.910214015805295
      },
      "count_by_depth": {
        "2": 1939,
        "-1": 651,
        "4": 45,
        "1": 164
      }
    },
    "test": {
      "total_queries": 5626,
      "provable_queries": 4395,
      "non_provable_queries": 1231,
      "overall_mrr": 0.9527269805944751,
      "overall_hits1": 0.9276573053679346,
      "overall_hits3": 0.977070742979026,
      "overall_hits10": 0.9842694632065411,
      "provable_mrr": 0.9693646305219612,
      "provable_hits1": 0.9465301478953356,
      "provable_hits3": 0.9926052332195677,
      "provable_hits10": 0.9972696245733789,
      "non_provable_mrr": 0.8933261102197391,
      "non_provable_hits1": 0.8602761982128351,
      "non_provable_hits3": 0.921608448415922,
      "non_provable_hits10": 0.9378554021121039,
      "mrr_by_depth": {
        "1": 0.9696494600428364,
        "2": 0.9540632754342432,
        "-1": 0.8933261102197391,
        "3": 1.0
      },
      "count_by_depth": {
        "1": 4297,
        "2": 92,
        "-1": 1231,
        "3": 6
      }
    }
  },
  "nations": {
    "valid": {
      "total_queries": 199,
      "provable_queries": 21,
      "non_provable_queries": 178,
      "overall_mrr": 0.47650285225662115,
      "overall_hits1": 0.2537688442211055,
      "overall_hits3": 0.6105527638190955,
      "overall_hits10": 0.9798994974874372,
      "provable_mrr": 0.44603174603174606,
      "provable_hits1": 0.16666666666666666,
      "provable_hits3": 0.6904761904761905,
      "provable_hits10": 1.0,
      "non_provable_mrr": 0.4800977580471963,
      "non_provable_hits1": 0.2640449438202247,
      "non_provable_hits3": 0.601123595505618,
      "non_provable_hits10": 0.9775280898876404,
      "mrr_by_depth": {
        "-1": 0.4800977580471963,
        "1": 0.44603174603174606
      },
      "count_by_depth": {
        "-1": 178,
        "1": 21
      }
    },
    "test": {
      "total_queries": 201,
      "provable_queries": 16,
      "non_provable_queries": 185,
      "overall_mrr": 0.49933290866126684,
      "overall_hits1": 0.2885572139303483,
      "overall_hits3": 0.6218905472636815,
      "overall_hits10": 0.972636815920398,
      "provable_mrr": 0.5799851190476191,
      "provable_hits1": 0.375,
      "provable_hits3": 0.71875,
      "provable_hits10": 1.0,
      "non_provable_mrr": 0.49235758235758237,
      "non_provable_hits1": 0.2810810810810811,
      "non_provable_hits3": 0.6135135135135135,
      "non_provable_hits10": 0.9702702702702702,
      "mrr_by_depth": {
        "-1": 0.49235758235758237,
        "1": 0.5799851190476191
      },
      "count_by_depth": {
        "-1": 185,
        "1": 16
      }
    }
  },
  "wn18rr": {
    "valid": {
      "total_queries": 2824,
      "provable_queries": 1480,
      "non_provable_queries": 1344,
      "overall_mrr": 0.8355785803324653,
      "overall_hits1": 0.7841713881019831,
      "overall_hits3": 0.8695113314447592,
      "overall_hits10": 0.9205028328611898,
      "provable_mrr": 0.9512961470450372,
      "provable_hits1": 0.9314189189189189,
      "provable_hits3": 0.9655405405405405,
      "provable_hits10": 0.9834459459459459,
      "non_provable_mrr": 0.7081514979406455,
      "non_provable_hits1": 0.6220238095238095,
      "non_provable_hits3": 0.7637648809523809,
      "non_provable_hits10": 0.8511904761904762,
      "mrr_by_depth": {
        "2": 0.8994418909264109,
        "-1": 0.7081514979406455,
        "1": 0.9898233482088657,
        "4": 0.6394397659964618,
        "3": 0.8466704170208699
      },
      "count_by_depth": {
        "2": 100,
        "-1": 1344,
        "1": 1178,
        "4": 92,
        "3": 110
      }
    },
    "test": {
      "total_queries": 2924,
      "provable_queries": 1500,
      "non_provable_queries": 1424,
      "overall_mrr": 0.8315764801646248,
      "overall_hits1": 0.780266757865937,
      "overall_hits3": 0.8649110807113544,
      "overall_hits10": 0.9179206566347469,
      "provable_mrr": 0.9511274653155509,
      "provable_hits1": 0.9316666666666666,
      "provable_hits3": 0.965,
      "provable_hits10": 0.9823333333333333,
      "non_provable_mrr": 0.7056449649073293,
      "non_provable_hits1": 0.6207865168539326,
      "non_provable_hits3": 0.7594803370786517,
      "non_provable_hits10": 0.8500702247191011,
      "mrr_by_depth": {
        "-1": 0.7056449649073293,
        "1": 0.9912477752833846,
        "3": 0.8414586583163343,
        "2": 0.9242119093131033,
        "4": 0.599338497390306
      },
      "count_by_depth": {
        "-1": 1424,
        "1": 1199,
        "3": 134,
        "2": 78,
        "4": 89
      }
    }
  },
  "umls": {
    "valid": {
      "total_queries": 1300,
      "provable_queries": 1089,
      "non_provable_queries": 211,
      "overall_mrr": 0.3822689883470055,
      "overall_hits1": 0.19115384615384615,
      "overall_hits3": 0.4592307692307692,
      "overall_hits10": 0.8265384615384616,
      "provable_mrr": 0.37729581610936924,
      "provable_hits1": 0.1758494031221304,
      "provable_hits3": 0.4563820018365473,
      "provable_hits10": 0.8567493112947658,
      "non_provable_mrr": 0.4079362137820099,
      "non_provable_hits1": 0.27014218009478674,
      "non_provable_hits3": 0.47393364928909953,
      "non_provable_hits10": 0.6706161137440758,
      "mrr_by_depth": {
        "2": 0.34138507643275934,
        "-1": 0.4079362137820099,
        "4": 0.34578919446566503,
        "3": 0.3265408194643064,
        "5": 0.4608348347031074,
        "1": 0.3078393925697261,
        "10": 0.3369067854761675,
        "8": 0.21340785345145813,
        "7": 0.23757537579316368,
        "9": 0.6666666666666666,
        "6": 0.2879629629629629
      },
      "count_by_depth": {
        "2": 358,
        "-1": 211,
        "4": 30,
        "3": 210,
        "5": 385,
        "1": 66,
        "10": 20,
        "8": 4,
        "7": 12,
        "9": 1,
        "6": 3
      }
    },
    "test": {
      "total_queries": 3245,
      "provable_queries": 2704,
      "non_provable_queries": 541,
      "overall_mrr": 0.5118520697514637,
      "overall_hits1": 0.31432973805855163,
      "overall_hits3": 0.6357473035439137,
      "overall_hits10": 0.9110939907550077,
      "provable_mrr": 0.5232752235101975,
      "provable_hits1": 0.31268491124260356,
      "provable_hits3": 0.6606878698224852,
      "provable_hits10": 0.9500739644970414,
      "non_provable_mrr": 0.4547574158445945,
      "non_provable_hits1": 0.32255083179297594,
      "non_provable_hits3": 0.511090573012939,
      "non_provable_hits10": 0.7162661737523105,
      "mrr_by_depth": {
        "5": 0.6091353275000346,
        "-1": 0.4547574158445945,
        "2": 0.48767469304546407,
        "3": 0.45734012791989315,
        "1": 0.4284064328901991,
        "4": 0.49432093539033695,
        "7": 0.44076550817003385,
        "10": 0.5421960293826322,
        "8": 0.3770829794350154,
        "6": 0.4553571428571428,
        "9": 0.75
      },
      "count_by_depth": {
        "5": 988,
        "-1": 541,
        "2": 866,
        "3": 503,
        "1": 163,
        "4": 90,
        "7": 19,
        "10": 55,
        "8": 15,
        "6": 4,
        "9": 1
      }
    }
  },